evolution$generation,panic0,staminaH,hunt0,staminaZ,inf0,fitness
39300,9.348146373932863,0.7808011357477007,99.99999999999999,0.13678447655316128,0.020535829044907576,829550.5477590493
